Workbook

Sheet Instruktion
A1: A&A VM-Tips 2026 – Deltagarmall
A3: Fält | B3: Instruktion
A4: Namn | B4: Fyll i ditt namn i cell B10.
A5: Insats | B5: 300 kr per deltagare. Vinnaren får 80 % av potten och tvåan får 20 %.
A6: Så gör du | B6: Tipset består av fyra flikar: 1. Gruppspel - Välj gruppettor, grupptvåor och grupptreor. Gruppfyran väljs automatiskt. 2. Bästa grupptreor - Välj åtta av de tolv grupptreorna som du tror kommer gå till slutspel. Dessa kommer per automatik populeras till slutspelsträdet (baserat på FIFAS VM regler) tillsammans med dina gruppettor och grupptvåor 3. Slutspelsträd - Fyll i ett fullständigt slutspelsträd med hjälp av rullistorna 4. Skytteligarevinnare och utslagsfråga - Fyll i ditt val av skytteligavinnare i VM samt hur många mål du tror det blir i turneringen (utslagsfråga om det behövs)
A7: Skicka tillbaka | B7: Skicka tillbaka hela Excel-filen till Anders. Anders.h.engstrom@gmail.com
A8: Viktigt | B8: Ändra inte fliknamn eller rubriker. Exportfliken används för att flytta dina tips till masterfilen.
A10: Deltagare: | B10: Emelie
A12: Prisfördelning: | B12: 1:a plats: 80 % av potten, 2:a plats: 20 % av potten.

Sheet 1. Gruppspel
A1: Gruppspel – välj 1:a, 2:a och 3:a i varje grupp
A2: Välj lag från rullistorna. 4:e laget räknas fram automatiskt. Samma lag får inte väljas flera gånger i samma grupp.
A3: Grupp | B3: 1:a | C3: 2:a | D3: 3:a | E3: 4:a auto | F3: Kontroll | G3: Lag i gruppen
A4: A | B4: Sydkorea | C4: Mexiko | D4: Tjeckien | E4: =IF(COUNTBLANK(B4:D4)>0,"",IF(COUNTIF(B4:D4,"Mexiko")=0,"Mexiko",IF(COUNTIF(B4:D4,"Tjeckien")=0,"Tjeckien",IF(COUNTIF(B4:D4,"Sydafrika")=0,"Sydafrika",IF(COUNTIF(B4:D4,"Sydkorea")=0,"Sydkorea",""))))) -> Sydafrika | F4: {=IF(COUNTBLANK(B4:D4)>0,"Saknas val",IF(SUMPRODUCT(COUNTIF(B4:D4,B4:D4))=3,"OK","Dublett"))} -> OK | G4: Mexiko, Tjeckien, Sydafrika, Sydkorea
A5: B | B5: Schweiz | C5: Bosnien och Hercegovina | D5: Kanada | E5: =IF(COUNTBLANK(B5:D5)>0,"",IF(COUNTIF(B5:D5,"Kanada")=0,"Kanada",IF(COUNTIF(B5:D5,"Bosnien och Hercegovina")=0,"Bosnien och Hercegovina",IF(COUNTIF(B5:D5,"Qatar")=0,"Qatar",IF(COUNTIF(B5:D5,"Schweiz")=0,"Schweiz",""))))) -> Qatar | F5: {=IF(COUNTBLANK(B5:D5)>0,"Saknas val",IF(SUMPRODUCT(COUNTIF(B5:D5,B5:D5))=3,"OK","Dublett"))} -> OK | G5: Kanada, Bosnien och Hercegovina, Qatar, Schweiz
A6: C | B6: Brasilien | C6: Marocko | D6: Skottland | E6: =IF(COUNTBLANK(B6:D6)>0,"",IF(COUNTIF(B6:D6,"Brasilien")=0,"Brasilien",IF(COUNTIF(B6:D6,"Haiti")=0,"Haiti",IF(COUNTIF(B6:D6,"Marocko")=0,"Marocko",IF(COUNTIF(B6:D6,"Skottland")=0,"Skottland",""))))) -> Haiti | F6: {=IF(COUNTBLANK(B6:D6)>0,"Saknas val",IF(SUMPRODUCT(COUNTIF(B6:D6,B6:D6))=3,"OK","Dublett"))} -> OK | G6: Brasilien, Haiti, Marocko, Skottland
A7: D | B7: Turkiet | C7: USA | D7: Paraguay | E7: =IF(COUNTBLANK(B7:D7)>0,"",IF(COUNTIF(B7:D7,"USA")=0,"USA",IF(COUNTIF(B7:D7,"Australien")=0,"Australien",IF(COUNTIF(B7:D7,"Paraguay")=0,"Paraguay",IF(COUNTIF(B7:D7,"Turkiet")=0,"Turkiet",""))))) -> Australien | F7: {=IF(COUNTBLANK(B7:D7)>0,"Saknas val",IF(SUMPRODUCT(COUNTIF(B7:D7,B7:D7))=3,"OK","Dublett"))} -> OK | G7: USA, Australien, Paraguay, Turkiet
A8: E | B8: Tyskland | C8: Ecuador | D8: Elfenbenskusten | E8: =IF(COUNTBLANK(B8:D8)>0,"",IF(COUNTIF(B8:D8,"Curaçao")=0,"Curaçao",IF(COUNTIF(B8:D8,"Ecuador")=0,"Ecuador",IF(COUNTIF(B8:D8,"Tyskland")=0,"Tyskland",IF(COUNTIF(B8:D8,"Elfenbenskusten")=0,"Elfenbenskusten",""))))) -> Curaçao | F8: {=IF(COUNTBLANK(B8:D8)>0,"Saknas val",IF(SUMPRODUCT(COUNTIF(B8:D8,B8:D8))=3,"OK","Dublett"))} -> OK | G8: Curaçao, Ecuador, Tyskland, Elfenbenskusten
A9: F | B9: Nederländerna | C9: Japan | D9: Sverige | E9: =IF(COUNTBLANK(B9:D9)>0,"",IF(COUNTIF(B9:D9,"Nederländerna")=0,"Nederländerna",IF(COUNTIF(B9:D9,"Japan")=0,"Japan",IF(COUNTIF(B9:D9,"Sverige")=0,"Sverige",IF(COUNTIF(B9:D9,"Tunisien")=0,"Tunisien",""))))) -> Tunisien | F9: {=IF(COUNTBLANK(B9:D9)>0,"Saknas val",IF(SUMPRODUCT(COUNTIF(B9:D9,B9:D9))=3,"OK","Dublett"))} -> OK | G9: Nederländerna, Japan, Sverige, Tunisien
A10: G | B10: Belgien | C10: Egypten | D10: Iran | E10: =IF(COUNTBLANK(B10:D10)>0,"",IF(COUNTIF(B10:D10,"Belgien")=0,"Belgien",IF(COUNTIF(B10:D10,"Egypten")=0,"Egypten",IF(COUNTIF(B10:D10,"Iran")=0,"Iran",IF(COUNTIF(B10:D10,"Nya Zeeland")=0,"Nya Zeeland",""))))) -> Nya Zeeland | F10: {=IF(COUNTBLANK(B10:D10)>0,"Saknas val",IF(SUMPRODUCT(COUNTIF(B10:D10,B10:D10))=3,"OK","Dublett"))} -> OK | G10: Belgien, Egypten, Iran, Nya Zeeland
A11: H | B11: Spanien | C11: Uruguay | D11: Saudiarabien | E11: =IF(COUNTBLANK(B11:D11)>0,"",IF(COUNTIF(B11:D11,"Kap Verde")=0,"Kap Verde",IF(COUNTIF(B11:D11,"Saudiarabien")=0,"Saudiarabien",IF(COUNTIF(B11:D11,"Spanien")=0,"Spanien",IF(COUNTIF(B11:D11,"Uruguay")=0,"Uruguay",""))))) -> Kap Verde | F11: {=IF(COUNTBLANK(B11:D11)>0,"Saknas val",IF(SUMPRODUCT(COUNTIF(B11:D11,B11:D11))=3,"OK","Dublett"))} -> OK | G11: Kap Verde, Saudiarabien, Spanien, Uruguay
A12: I | B12: Frankrike | C12: Norge | D12: Senegal | E12: =IF(COUNTBLANK(B12:D12)>0,"",IF(COUNTIF(B12:D12,"Frankrike")=0,"Frankrike",IF(COUNTIF(B12:D12,"Norge")=0,"Norge",IF(COUNTIF(B12:D12,"Senegal")=0,"Senegal",IF(COUNTIF(B12:D12,"Irak")=0,"Irak",""))))) -> Irak | F12: {=IF(COUNTBLANK(B12:D12)>0,"Saknas val",IF(SUMPRODUCT(COUNTIF(B12:D12,B12:D12))=3,"OK","Dublett"))} -> OK | G12: Frankrike, Norge, Senegal, Irak
A13: J | B13: Argentina | C13: Österrike | D13: Algeriet | E13: =IF(COUNTBLANK(B13:D13)>0,"",IF(COUNTIF(B13:D13,"Algeriet")=0,"Algeriet",IF(COUNTIF(B13:D13,"Argentina")=0,"Argentina",IF(COUNTIF(B13:D13,"Österrike")=0,"Österrike",IF(COUNTIF(B13:D13,"Jordanien")=0,"Jordanien",""))))) -> Jordanien | F13: {=IF(COUNTBLANK(B13:D13)>0,"Saknas val",IF(SUMPRODUCT(COUNTIF(B13:D13,B13:D13))=3,"OK","Dublett"))} -> OK | G13: Algeriet, Argentina, Österrike, Jordanien
A14: K | B14: Portugal | C14: Colombia | D14: DR Kongo | E14: =IF(COUNTBLANK(B14:D14)>0,"",IF(COUNTIF(B14:D14,"Colombia")=0,"Colombia",IF(COUNTIF(B14:D14,"DR Kongo")=0,"DR Kongo",IF(COUNTIF(B14:D14,"Portugal")=0,"Portugal",IF(COUNTIF(B14:D14,"Uzbekistan")=0,"Uzbekistan",""))))) -> Uzbekistan | F14: {=IF(COUNTBLANK(B14:D14)>0,"Saknas val",IF(SUMPRODUCT(COUNTIF(B14:D14,B14:D14))=3,"OK","Dublett"))} -> OK | G14: Colombia, DR Kongo, Portugal, Uzbekistan
A15: L | B15: Kroatien | C15: England | D15: Panama | E15: =IF(COUNTBLANK(B15:D15)>0,"",IF(COUNTIF(B15:D15,"Kroatien")=0,"Kroatien",IF(COUNTIF(B15:D15,"England")=0,"England",IF(COUNTIF(B15:D15,"Ghana")=0,"Ghana",IF(COUNTIF(B15:D15,"Panama")=0,"Panama",""))))) -> Ghana | F15: {=IF(COUNTBLANK(B15:D15)>0,"Saknas val",IF(SUMPRODUCT(COUNTIF(B15:D15,B15:D15))=3,"OK","Dublett"))} -> OK | G15: Kroatien, England, Ghana, Panama
F58: =COUNTIF(F4:F15,"OK") -> 12
B59: KOMPLETT
A60: Sammanfattning till master
A61: Grupp | B61: Gruppvinnare | C61: Grupptvåa | D61: Grupptrea
A62: A | B62: =IF(B4="","",B4) -> Sydkorea | C62: =IF(C4="","",C4) -> Mexiko | D62: =IF(D4="","",D4) -> Tjeckien
A63: B | B63: =IF(B5="","",B5) -> Schweiz | C63: =IF(C5="","",C5) -> Bosnien och Hercegovina | D63: =IF(D5="","",D5) -> Kanada
A64: C | B64: =IF(B6="","",B6) -> Brasilien | C64: =IF(C6="","",C6) -> Marocko | D64: =IF(D6="","",D6) -> Skottland
A65: D | B65: =IF(B7="","",B7) -> Turkiet | C65: =IF(C7="","",C7) -> USA | D65: =IF(D7="","",D7) -> Paraguay
A66: E | B66: =IF(B8="","",B8) -> Tyskland | C66: =IF(C8="","",C8) -> Ecuador | D66: =IF(D8="","",D8) -> Elfenbenskusten
A67: F | B67: =IF(B9="","",B9) -> Nederländerna | C67: =IF(C9="","",C9) -> Japan | D67: =IF(D9="","",D9) -> Sverige
A68: G | B68: =IF(B10="","",B10) -> Belgien | C68: =IF(C10="","",C10) -> Egypten | D68: =IF(D10="","",D10) -> Iran
A69: H | B69: =IF(B11="","",B11) -> Spanien | C69: =IF(C11="","",C11) -> Uruguay | D69: =IF(D11="","",D11) -> Saudiarabien
A70: I | B70: =IF(B12="","",B12) -> Frankrike | C70: =IF(C12="","",C12) -> Norge | D70: =IF(D12="","",D12) -> Senegal
A71: J | B71: =IF(B13="","",B13) -> Argentina | C71: =IF(C13="","",C13) -> Österrike | D71: =IF(D13="","",D13) -> Algeriet
A72: K | B72: =IF(B14="","",B14) -> Portugal | C72: =IF(C14="","",C14) -> Colombia | D72: =IF(D14="","",D14) -> DR Kongo
A73: L | B73: =IF(B15="","",B15) -> Kroatien | C73: =IF(C15="","",C15) -> England | D73: =IF(D15="","",D15) -> Panama

Sheet 2. Bästa grupptreor
A1: Gruppspel – bästa treor
A2: Välj de åtta bästa grupptreorna som går vidare till slutspelet. Dina grupptreor finns i rullistan
A4: Välj i rullistan | B4: Sverige
A6: Välj i rullistan | B6: Kanada
A8: Välj i rullistan | B8: Skottland
A10: Välj i rullistan | B10: DR Kongo
A12: Välj i rullistan | B12: Tjeckien
A14: Välj i rullistan | B14: Paraguay
A16: Välj i rullistan | B16: Elfenbenskusten
A18: Välj i rullistan | B18: Senegal
B20: KOMPLETT

Sheet 3. Slutspelsträd
O3: Slutspelsträd
C4: Sextondelsfinal | AC4: Sextondelsfinal
C6: M74 | D6: {=INDEX(_Listor!$BY$3:$BZ$18,MATCH("M74",_Listor!$BX$3:$BX$18,0),1)} -> Tyskland | AD6: {=INDEX(_Listor!$BY$3:$BZ$18,MATCH("M76",_Listor!$BX$3:$BX$18,0),1)} -> Brasilien | AE6: M76
F7: Åttondelsfinal | Z7: Åttondelsfinal
D8: {=INDEX(_Listor!$BY$3:$BZ$18,MATCH("M74",_Listor!$BX$3:$BX$18,0),2)} -> Paraguay | AD8: {=INDEX(_Listor!$BY$3:$BZ$18,MATCH("M76",_Listor!$BX$3:$BX$18,0),2)} -> Japan
F9: M89 | G9: Tyskland | AA9: Brasilien | AB9: M91
G11: Frankrike | AA11: Norge
C12: M77 | D12: {=INDEX(_Listor!$BY$3:$BZ$18,MATCH("M77",_Listor!$BX$3:$BX$18,0),1)} -> Frankrike | AD12: {=INDEX(_Listor!$BY$3:$BZ$18,MATCH("M78",_Listor!$BX$3:$BX$18,0),1)} -> Ecuador | AE12: M78
I13: Kvartsfinal | W13: Kvartsfinal
D14: {=INDEX(_Listor!$BY$3:$BZ$18,MATCH("M77",_Listor!$BX$3:$BX$18,0),2)} -> Sverige | AD14: {=INDEX(_Listor!$BY$3:$BZ$18,MATCH("M78",_Listor!$BX$3:$BX$18,0),2)} -> Norge
I15: M97 | J15: Frankrike | X15: Brasilien | Y15: M99
J17: Nederländerna | X17: Kroatien
C18: M73 | D18: {=INDEX(_Listor!$BY$3:$BZ$18,MATCH("M73",_Listor!$BX$3:$BX$18,0),1)} -> Mexiko | Q18: Vinnare | AD18: {=INDEX(_Listor!$BY$3:$BZ$18,MATCH("M79",_Listor!$BX$3:$BX$18,0),1)} -> Sydkorea | AE18: M79
Q19: Frankrike
D20: {=INDEX(_Listor!$BY$3:$BZ$18,MATCH("M73",_Listor!$BX$3:$BX$18,0),2)} -> Bosnien och Hercegovina | AD20: {=INDEX(_Listor!$BY$3:$BZ$18,MATCH("M79",_Listor!$BX$3:$BX$18,0),2)} -> Skottland
F21: M90 | G21: Mexiko | P21: Frankrike | R21: Brasilien | AA21: Skottland | AB21: M92
Q22: M104
G23: Nederländerna | P23: Final | AA23: Kroatien
C24: M75 | D24: {=INDEX(_Listor!$BY$3:$BZ$18,MATCH("M75",_Listor!$BX$3:$BX$18,0),1)} -> Nederländerna | AD24: {=INDEX(_Listor!$BY$3:$BZ$18,MATCH("M80",_Listor!$BX$3:$BX$18,0),1)} -> Kroatien | AE24: M80
D26: {=INDEX(_Listor!$BY$3:$BZ$18,MATCH("M75",_Listor!$BX$3:$BX$18,0),2)} -> Marocko | L26: Semifinal | P26: KOMPLETT | T26: Semifinal | AD26: {=INDEX(_Listor!$BY$3:$BZ$18,MATCH("M80",_Listor!$BX$3:$BX$18,0),2)} -> DR Kongo
L28: M101 | M28: Frankrike | U28: Brasilien | V28: M102
M30: England | U30: Argentina
C32: M83 | D32: {=INDEX(_Listor!$BY$3:$BZ$18,MATCH("M83",_Listor!$BX$3:$BX$18,0),1)} -> Colombia | AD32: {=INDEX(_Listor!$BY$3:$BZ$18,MATCH("M86",_Listor!$BX$3:$BX$18,0),1)} -> Argentina | AE32: M86
D34: {=INDEX(_Listor!$BY$3:$BZ$18,MATCH("M83",_Listor!$BX$3:$BX$18,0),2)} -> England | P34: Bronsmatch | AD34: {=INDEX(_Listor!$BY$3:$BZ$18,MATCH("M86",_Listor!$BX$3:$BX$18,0),2)} -> Uruguay
F35: M93 | G35: England | Q35: M103 | AA35: Argentina | AB35: M95
P36: England | R36: Argentina
G37: Spanien | AA37: USA
C38: M84 | D38: {=INDEX(_Listor!$BY$3:$BZ$18,MATCH("M84",_Listor!$BX$3:$BX$18,0),1)} -> Spanien | Q38: 3e plats | AD38: {=INDEX(_Listor!$BY$3:$BZ$18,MATCH("M88",_Listor!$BX$3:$BX$18,0),1)} -> USA | AE38: M88
Q39: England
D40: {=INDEX(_Listor!$BY$3:$BZ$18,MATCH("M84",_Listor!$BX$3:$BX$18,0),2)} -> Österrike | AD40: {=INDEX(_Listor!$BY$3:$BZ$18,MATCH("M88",_Listor!$BX$3:$BX$18,0),2)} -> Egypten
I41: M98 | J41: England | X41: Argentina | Y41: M100
J43: Belgien | X43: Schweiz
C44: M81 | D44: {=INDEX(_Listor!$BY$3:$BZ$18,MATCH("M81",_Listor!$BX$3:$BX$18,0),1)} -> Turkiet | AD44: {=INDEX(_Listor!$BY$3:$BZ$18,MATCH("M85",_Listor!$BX$3:$BX$18,0),1)} -> Schweiz | AE44: M85
D46: {=INDEX(_Listor!$BY$3:$BZ$18,MATCH("M81",_Listor!$BX$3:$BX$18,0),2)} -> Kanada | AD46: {=INDEX(_Listor!$BY$3:$BZ$18,MATCH("M85",_Listor!$BX$3:$BX$18,0),2)} -> Elfenbenskusten
F47: M94 | G47: Turkiet | AA47: Schweiz | AB47: M96
G49: Belgien | AA49: Portugal
C50: M82 | D50: {=INDEX(_Listor!$BY$3:$BZ$18,MATCH("M82",_Listor!$BX$3:$BX$18,0),1)} -> Belgien | AD50: {=INDEX(_Listor!$BY$3:$BZ$18,MATCH("M87",_Listor!$BX$3:$BX$18,0),1)} -> Portugal | AE50: M87
D52: {=INDEX(_Listor!$BY$3:$BZ$18,MATCH("M82",_Listor!$BX$3:$BX$18,0),2)} -> Tjeckien | AD52: {=INDEX(_Listor!$BY$3:$BZ$18,MATCH("M87",_Listor!$BX$3:$BX$18,0),2)} -> Senegal

Sheet 4. Skyttekung och utslagsfråga
A1: Skytteligavinnare och utslagsfråga
A2: Välj skytteligavinnare och hur många mål det blir i VM totalt som utslagsfråga
B4: Vem vinner skytteligan? | C4: Kylian Mbappe
B6: Antal mål i turneringen | C6: 323

Sheet Bilaga 1. Lag & Grupper
A1: Officiella grupper VM 2026 | F1: Färgkodning
A2: Grupp | B2: Lag | C2: Kortnamn | D2: Kommentar | F2: Grupp | G2: Färg | H2: Antal lag
A3: A | B3: Mexiko | C3: MEX | F3: A | H3: 4
A4: A | B4: Tjeckien | C4: TJE | F4: B | H4: 4
A5: A | B5: Sydafrika | C5: SYD | F5: C | H5: 4
A6: A | B6: Sydkorea | C6: SYD | F6: D | H6: 4
A7: B | B7: Kanada | C7: KAN | F7: E | H7: 4
A8: B | B8: Bosnien och Hercegovina | C8: BOS | F8: F | H8: 4
A9: B | B9: Qatar | C9: QAT | F9: G | H9: 4
A10: B | B10: Schweiz | C10: SCH | F10: H | H10: 4
A11: C | B11: Brasilien | C11: BRA | F11: I | H11: 4
A12: C | B12: Haiti | C12: HAI | F12: J | H12: 4
A13: C | B13: Marocko | C13: MAR | F13: K | H13: 4
A14: C | B14: Skottland | C14: SKO | F14: L | H14: 4
A15: D | B15: USA | C15: USA
A16: D | B16: Australien | C16: AUS
A17: D | B17: Paraguay | C17: PAR
A18: D | B18: Turkiet | C18: TUR
A19: E | B19: Curaçao | C19: CUR
A20: E | B20: Ecuador | C20: ECU
A21: E | B21: Tyskland | C21: TYS
A22: E | B22: Elfenbenskusten | C22: ELF
A23: F | B23: Nederländerna | C23: NED
A24: F | B24: Japan | C24: JAP
A25: F | B25: Sverige | C25: SVE
A26: F | B26: Tunisien | C26: TUN
... A50: L | B50: Panama | C50: PAN

Sheet Bilaga 2. Spelschema
A1: Spelschema Gruppspel VM 2026
A2: Match | B2: Datum | C2: Tid ET | D2: Grupp | E2: Lag 1 | F2: Lag 2 | G2: Match | H2: Arena | I2: Källa
A3: 1 | B3: 46184 | C3: 15:00 | D3: A | E3: Mexiko | F3: Sydafrika | G3: Mexiko - Sydafrika | H3: Mexiko City Stadium | I3: FOX Sports / FIFA
A4: 2 | B4: 46184 | C4: 22:00 | D4: A | E4: Sydkorea | F4: Tjeckien | G4: Sydkorea - Tjeckien | H4: Guadalajara Stadium | I4: FOX Sports / FIFA
A5: 3 | B5: 46185 | C5: 15:00 | D5: B | E5: Kanada | F5: Bosnien och Hercegovina | G5: Kanada - Bosnien och Hercegovina | H5: Toronto Stadium | I5: FOX Sports / FIFA
A6: 4 | B6: 46185 | C6: 21:00 | D6: D | E6: USA | F6: Paraguay | G6: USA - Paraguay | H6: Los Angeles Stadium | I6: FOX Sports / FIFA
A7: 5 | B7: 46186 | C7: 15:00 | D7: B | E7: Qatar | F7: Schweiz | G7: Qatar - Schweiz | H7: San Francisco Bay Stadium | I7: FOX Sports / FIFA
A8: 6 | B8: 46186 | C8: 18:00 | D8: C | E8: Brasilien | F8: Marocko | G8: Brasilien - Marocko | H8: New York New Jersey Stadium | I8: FOX Sports / FIFA
A9: 7 | B9: 46186 | C9: 21:00 | D9: C | E9: Haiti | F9: Skottland | G9: Haiti - Skottland | H9: Boston Stadium | I9: FOX Sports / FIFA
A10: 8 | B10: 46186 | C10: 00:00 | D10: D | E10: Australien | F10: Turkiet | G10: Australien - Turkiet | H10: BC Place Vancouver | I10: FOX Sports / FIFA
A11: 9 | B11: 46187 | C11: 13:00 | D11: E | E11: Tyskland | F11: Curaçao | G11: Tyskland - Curaçao | H11: Houston Stadium | I11: FOX Sports / FIFA
A12: 10 | B12: 46187 | C12: 16:00 | D12: F | E12: Nederländerna | F12: Japan | G12: Nederländerna - Japan | H12: Dallas Stadium | I12: FOX Sports / FIFA
A13: 11 | B13: 46187 | C13: 19:00 | D13: E | E13: Elfenbenskusten | F13: Ecuador | G13: Elfenbenskusten - Ecuador | H13: Philadelphia Stadium | I13: FOX Sports / FIFA
A14: 12 | B14: 46187 | C14: 22:00 | D14: F | E14: Tunisien | F14: Sverige | G14: Tunisien - Sverige | H14: Monterrey Stadium | I14: FOX Sports / FIFA
... A74: 72 | B74: 46200 | C74: 22:00 | D74: J | E74: Algeriet | F74: Österrike | G74: Algeriet - Österrike | H74: Kansas City Stadium | I74: FOX Sports / FIFA

Sheet Bilaga 3. AnnexC
A1: Option | B1: Kombination | C1: M79 / 1A | D1: M85 / 1B | E1: M81 / 1D | F1: M74 / 1E | G1: M82 / 1G | H1: M77 / 1I | I1: M87 / 1K | J1: M80 / 1L | K1: Källa / notering
A2: 1 | B2: EFGHIJKL | C2: 3E | D2: 3J | E2: 3I | F2: 3F | G2: 3H | H2: 3G | I2: 3L | J2: 3K | K2: FIFA Annex C - importerad från uppladdad annexfil
A3: 2 | B3: DFGHIJKL | C3: 3H | D3: 3G | E3: 3I | F3: 3D | G3: 3J | H3: 3F | I3: 3L | J3: 3K | K3: FIFA Annex C - importerad från uppladdad annexfil
A4: 3 | B4: DEGHIJKL | C4: 3E | D4: 3J | E4: 3I | F4: 3D | G4: 3H | H4: 3G | I4: 3L | J4: 3K | K4: FIFA Annex C - importerad från uppladdad annexfil
A5: 4 | B5: DEFHIJKL | C5: 3E | D5: 3J | E5: 3I | F5: 3D | G5: 3H | H5: 3F | I5: 3L | J5: 3K | K5: FIFA Annex C - importerad från uppladdad annexfil
A6: 5 | B6: DEFGIJKL | C6: 3E | D6: 3G | E6: 3I | F6: 3D | G6: 3J | H6: 3F | I6: 3L | J6: 3K | K6: FIFA Annex C - importerad från uppladdad annexfil
A7: 6 | B7: DEFGHJKL | C7: 3E | D7: 3G | E7: 3J | F7: 3D | G7: 3H | H7: 3F | I7: 3L | J7: 3K | K7: FIFA Annex C - importerad från uppladdad annexfil
A8: 7 | B8: DEFGHIKL | C8: 3E | D8: 3G | E8: 3I | F8: 3D | G8: 3H | H8: 3F | I8: 3L | J8: 3K | K8: FIFA Annex C - importerad från uppladdad annexfil
A9: 8 | B9: DEFGHIJL | C9: 3E | D9: 3G | E9: 3J | F9: 3D | G9: 3H | H9: 3F | I9: 3L | J9: 3I | K9: FIFA Annex C - importerad från uppladdad annexfil
A10: 9 | B10: DEFGHIJK | C10: 3E | D10: 3G | E10: 3J | F10: 3D | G10: 3H | H10: 3F | I10: 3I | J10: 3K | K10: FIFA Annex C - importerad från uppladdad annexfil
A11: 10 | B11: CFGHIJKL | C11: 3H | D11: 3G | E11: 3I | F11: 3C | G11: 3J | H11: 3F | I11: 3L | J11: 3K | K11: FIFA Annex C - importerad från uppladdad annexfil
A12: 11 | B12: CEGHIJKL | C12: 3E | D12: 3J | E12: 3I | F12: 3C | G12: 3H | H12: 3G | I12: 3L | J12: 3K | K12: FIFA Annex C - importerad från uppladdad annexfil
A13: 12 | B13: CEFHIJKL | C13: 3E | D13: 3J | E13: 3I | F13: 3C | G13: 3H | H13: 3F | I13: 3L | J13: 3K | K13: FIFA Annex C - importerad från uppladdad annexfil
... A496: 495 | B496: ABCDEFGH | C496: 3H | D496: 3G | E496: 3B | F496: 3C | G496: 3A | H496: 3F | I496: 3D | J496: 3E | K496: FIFA Annex C - importerad från uppladdad annexfil

Sheet _Listor
A1: Alla lag | C1: Placering | E1: Tippade grupptreor | H1: M75 allowed thirds | I1: M78 allowed thirds | J1: M79 allowed thirds | K1: M80 allowed thirds | L1: M81 allowed thirds | M1: M82 allowed thirds | N1: M88 allowed thirds | O1: M85 allowed thirds | T1: M73 | U1: M75 | V1: M74 | W1: M77 | X1: M76 | Y1: M78 | Z1: M79 | AA1: M80 | AB1: M83 | AC1: M84 | AD1: M81 | AE1: M82 | AF1: M86 | AG1: M88 | AH1: M85 | AI1: M87 | AJ1: M89 | AK1: M90 | AL1: M91 | AM1: M92 | AN1: M93 | AO1: M94 | AP1: M95 | AQ1: M96 | AR1: M97 | AS1: M98 | AT1: M99 | AU1: M100 | AV1: M101 | AW1: M102 | AX1: FINAL | BA1: QF_4 | BB1: SF_1 | BC1: SF_2 | BD1: FINAL | BE1: Valda lag | BF1: Valbara B25 | BG1: Valbara B26 | BH1: Valbara B27 | BI1: Valbara B28 | BJ1: Valbara B29 | BK1: Valbara B30 | BL1: Valbara B31 | BM1: Valbara B32 | BN1: Valda grupper | BO1: Kombination | BT1: Vidare från gruppspel / första utslagsrundan | BX1: Första utslagsrundan (M73–M88)
A2: Mexiko | C2: 1 | E2: =IF('1. Gruppspel'!D4="","",'1. Gruppspel'!D4) -> Tjeckien | F2: A | H2: =IF(COUNTIF(_Listor!$BU$26,'1. Gruppspel'!$D$4)>0,'1. Gruppspel'!$D$4,"") | I2: =IF(COUNTIF(_Listor!$BU$26,'1. Gruppspel'!$D$6)>0,'1. Gruppspel'!$D$6,"") | J2: =IF(COUNTIF(_Listor!$BU$26,'1. Gruppspel'!$D$6)>0,'1. Gruppspel'!$D$6,"") | K2: =IF(COUNTIF(_Listor!$BU$26,'1. Gruppspel'!$D$8)>0,'1. Gruppspel'!$D$8,"") | L2: =IF(COUNTIF(_Listor!$BU$26,'1. Gruppspel'!$D$4)>0,'1. Gruppspel'!$D$4,"") | M2: =IF(COUNTIF(_Listor!$BU$26,'1. Gruppspel'!$D$5)>0,'1. Gruppspel'!$D$5,"") | N2: =IF(COUNTIF(_Listor!$BU$26,'1. Gruppspel'!$D$7)>0,'1. Gruppspel'!$D$7,"") | O2: =IF(COUNTIF(_Listor!$BU$26,'1. Gruppspel'!$D$8)>0,'1. Gruppspel'!$D$8,"") | T2: =_Listor!$BY$3 -> Mexiko | U2: =_Listor!$BY$4 -> Nederländerna | V2: =_Listor!$BY$5 -> Tyskland | W2: =_Listor!$BY$6 -> Frankrike | X2: =_Listor!$BY$7 -> Brasilien | Y2: =_Listor!$BY$8 -> Ecuador | Z2: =_Listor!$BY$9 -> Sydkorea | AA2: =_Listor!$BY$10 -> Kroatien | AB2: =_Listor!$BY$11 -> Colombia | AC2: =_Listor!$BY$12 -> Spanien | AD2: =_Listor!$BY$13 -> Turkiet | AE2: =_Listor!$BY$14 -> Belgien | AF2: =_Listor!$BY$15 -> Argentina | AG2: =_Listor!$BY$16 -> USA | AH2: =_Listor!$BY$17 -> Schweiz | AI2: =_Listor!$BY$18 -> Portugal | AJ2: =_Listor!$CA$3 -> 0 | AK2: =_Listor!$CA$5 -> 0 | AL2: =_Listor!$CA$7 -> 0 | AM2: =_Listor!$CA$9 -> 0 | AN2: =_Listor!$CA$11 -> 0 | AO2: =_Listor!$CA$13 -> 0 | AP2: =_Listor!$CA$15 -> 0 | AQ2: =_Listor!$CA$17 -> 0 | AR2: =#REF! -> #REF! | AS2: =#REF! -> #REF! | AT2: =#REF! -> #REF! | AU2: =#REF! -> #REF! | AV2: =#REF! -> #REF! | AW2: =#REF! -> #REF! | AX2: =#REF! -> #REF! | BA2: =#REF! -> #REF! | BB2: =#REF! -> #REF! | BC2: =#REF! -> #REF! | BD2: =#REF! -> #REF! | BE2: ='2. Bästa grupptreor'!B4 -> Sverige | BF2: {=IFERROR(INDEX($E$2:$E$13,_xludf.AGGREGATE(15,6,(ROW($E$2:$E$13)-ROW($E$2)+1)/(($E$2:$E$13<>"")*((COUNTIF($BE$2:$BE$9,$E$2:$E$13)=0)+($E$2:$E$13='2. Bästa grupptreor'!$B$4))),ROWS($BF$2:BF2))),"")} | BG2: {=IFERROR(INDEX($E$2:$E$13,_xludf.AGGREGATE(15,6,(ROW($E$2:$E$13)-ROW($E$2)+1)/(($E$2:$E$13<>"")*((COUNTIF($BE$2:$BE$9,$E$2:$E$13)=0)+($E$2:$E$13='2. Bästa grupptreor'!$B$6))),ROWS($BG$2:BG2))),"")} | BH2: {=IFERROR(INDEX($E$2:$E$13,_xludf.AGGREGATE(15,6,(ROW($E$2:$E$13)-ROW($E$2)+1)/(($E$2:$E$13<>"")*((COUNTIF($BE$2:$BE$9,$E$2:$E$13)=0)+($E$2:$E$13='2. Bästa grupptreor'!$B$8))),ROWS($BH$2:BH2))),"")} | BI2: {=IFERROR(INDEX($E$2:$E$13,_xludf.AGGREGATE(15,6,(ROW($E$2:$E$13)-ROW($E$2)+1)/(($E$2:$E$13<>"")*((COUNTIF($BE$2:$BE$9,$E$2:$E$13)=0)+($E$2:$E$13='2. Bästa grupptreor'!$B$10))),ROWS($BI$2:BI2))),"")} | BJ2: {=IFERROR(INDEX($E$2:$E$13,_xludf.AGGREGATE(15,6,(ROW($E$2:$E$13)-ROW($E$2)+1)/(($E$2:$E$13<>"")*((COUNTIF($BE$2:$BE$9,$E$2:$E$13)=0)+($E$2:$E$13='2. Bästa grupptreor'!$B$12))),ROWS($BJ$2:BJ2))),"")} | BK2: {=IFERROR(INDEX($E$2:$E$13,_xludf.AGGREGATE(15,6,(ROW($E$2:$E$13)-ROW($E$2)+1)/(($E$2:$E$13<>"")*((COUNTIF($BE$2:$BE$9,$E$2:$E$13)=0)+($E$2:$E$13='2. Bästa grupptreor'!$B$14))),ROWS($BK$2:BK2))),"")} | BL2: {=IFERROR(INDEX($E$2:$E$13,_xludf.AGGREGATE(15,6,(ROW($E$2:$E$13)-ROW($E$2)+1)/(($E$2:$E$13<>"")*((COUNTIF($BE$2:$BE$9,$E$2:$E$13)=0)+($E$2:$E$13='2. Bästa grupptreor'!$B$16))),ROWS($BL$2:BL2))),"")} | BM2: {=IFERROR(INDEX($E$2:$E$13,_xludf.AGGREGATE(15,6,(ROW($E$2:$E$13)-ROW($E$2)+1)/(($E$2:$E$13<>"")*((COUNTIF($BE$2:$BE$9,$E$2:$E$13)=0)+($E$2:$E$13='2. Bästa grupptreor'!$B$18))),ROWS($BM$2:BM2))),"")} | BN2: {=IF('2. Bästa grupptreor'!B4="","",INDEX('1. Gruppspel'!$A$4:$A$15,MATCH('2. Bästa grupptreor'!B4,'1. Gruppspel'!$D$4:$D$15,0)))} -> F | BO2: =IF(COUNTA($BN$2:$BN$9)<8,"",IF(COUNTIF($BN$2:$BN$9,"A")>0,"A","")&IF(COUNTIF($BN$2:$BN$9,"B")>0,"B","")&IF(COUNTIF($BN$2:$BN$9,"C")>0,"C","")&IF(COUNTIF($BN$2:$BN$9,"D")>0,"D","")&IF(COUNTIF($BN$2:$BN$9,"E")>0,"E","")&IF(COUNTIF($BN$2:$BN$9,"F")>0,"F","")&IF(COUNTIF($BN$2:$BN$9,"G")>0,"G","")&IF(COUNTIF($BN$2:$BN$9,"H")>0,"H","")&IF(COUNTIF($BN$2:$BN$9,"I")>0,"I","")&IF(COUNTIF($BN$2:$BN$9,"J")>0,"J","")&IF(COUNTIF($BN$2:$BN$9,"K")>0,"K","")&IF(COUNTIF($BN$2:$BN$9,"L")>0,"L","")) -> ABCDEFIK | BT2: Nr | BU2: Lag | BV2: Typ | BX2: Match | BY2: Lag 1 | BZ2: Lag 2 | CA2: Vinnare
A3: Tjeckien | C3: 2 | E3: =IF('1. Gruppspel'!D5="","",'1. Gruppspel'!D5) -> Kanada | F3: B | H3: =IF(COUNTIF(_Listor!$BU$26,'1. Gruppspel'!$D$5)>0,'1. Gruppspel'!$D$5,"") | I3: =IF(COUNTIF(_Listor!$BU$26,'1. Gruppspel'!$D$7)>0,'1. Gruppspel'!$D$7,"") | J3: =IF(COUNTIF(_Listor!$BU$26,'1. Gruppspel'!$D$8)>0,'1. Gruppspel'!$D$8,"") | K3: =IF(COUNTIF(_Listor!$BU$26,'1. Gruppspel'!$D$11)>0,'1. Gruppspel'!$D$11,"") | L3: =IF(COUNTIF(_Listor!$BU$26,'1. Gruppspel'!$D$8)>0,'1. Gruppspel'!$D$8,"") | M3: =IF(COUNTIF(_Listor!$BU$26,'1. Gruppspel'!$D$8)>0,'1. Gruppspel'!$D$8,"") | N3: =IF(COUNTIF(_Listor!$BU$26,'1. Gruppspel'!$D$8)>0,'1. Gruppspel'!$D$8,"") | O3: =IF(COUNTIF(_Listor!$BU$26,'1. Gruppspel'!$D$9)>0,'1. Gruppspel'!$D$9,"") | T3: =_Listor!$BZ$3 -> Bosnien och Hercegovina | U3: =_Listor!$BZ$4 -> Marocko | V3: =_Listor!$BZ$5 -> Paraguay | W3: =_Listor!$BZ$6 -> Sverige | X3: =_Listor!$BZ$7 -> Japan | Y3: =_Listor!$BZ$8 -> Norge | Z3: =_Listor!$BZ$9 -> Skottland | AA3: =_Listor!$BZ$10 -> DR Kongo | AB3: =_Listor!$BZ$11 -> England | AC3: =_Listor!$BZ$12 -> Österrike | AD3: =_Listor!$BZ$13 -> Kanada | AE3: =_Listor!$BZ$14 -> Tjeckien | AF3: =_Listor!$BZ$15 -> Uruguay | AG3: =_Listor!$BZ$16 -> Egypten | AH3: =_Listor!$BZ$17 -> Elfenbenskusten | AI3: =_Listor!$BZ$18 -> Senegal | AJ3: =_Listor!$CA$4 -> 0 | AK3: =_Listor!$CA$6 -> 0 | AL3: =_Listor!$CA$8 -> 0 | AM3: =_Listor!$CA$10 -> 0 | AN3: =_Listor!$CA$12 -> 0 | AO3: =_Listor!$CA$14 -> 0 | AP3: =_Listor!$CA$16 -> 0 | AQ3: =_Listor!$CA$18 -> 0 | AR3: =#REF! -> #REF! | AS3: =#REF! -> #REF! | AT3: =#REF! -> #REF! | AU3: =#REF! -> #REF! | AV3: =#REF! -> #REF! | AW3: =#REF! -> #REF! | AX3: =#REF! -> #REF! | BA3: =#REF! -> #REF! | BB3: =#REF! -> #REF! | BC3: =#REF! -> #REF! | BD3: =#REF! -> #REF! | BE3: ='2. Bästa grupptreor'!B6 -> Kanada | BF3: {=IFERROR(INDEX($E$2:$E$13,_xludf.AGGREGATE(15,6,(ROW($E$2:$E$13)-ROW($E$2)+1)/(($E$2:$E$13<>"")*((COUNTIF($BE$2:$BE$9,$E$2:$E$13)=0)+($E$2:$E$13='2. Bästa grupptreor'!$B$4))),ROWS($BF$2:BF3))),"")} | BG3: {=IFERROR(INDEX($E$2:$E$13,_xludf.AGGREGATE(15,6,(ROW($E$2:$E$13)-ROW($E$2)+1)/(($E$2:$E$13<>"")*((COUNTIF($BE$2:$BE$9,$E$2:$E$13)=0)+($E$2:$E$13='2. Bästa grupptreor'!$B$6))),ROWS($BG$2:BG3))),"")} | BH3: {=IFERROR(INDEX($E$2:$E$13,_xludf.AGGREGATE(15,6,(ROW($E$2:$E$13)-ROW($E$2)+1)/(($E$2:$E$13<>"")*((COUNTIF($BE$2:$BE$9,$E$2:$E$13)=0)+($E$2:$E$13='2. Bästa grupptreor'!$B$8))),ROWS($BH$2:BH3))),"")} | BI3: {=IFERROR(INDEX($E$2:$E$13,_xludf.AGGREGATE(15,6,(ROW($E$2:$E$13)-ROW($E$2)+1)/(($E$2:$E$13<>"")*((COUNTIF($BE$2:$BE$9,$E$2:$E$13)=0)+($E$2:$E$13='2. Bästa grupptreor'!$B$10))),ROWS($BI$2:BI3))),"")} | BJ3: {=IFERROR(INDEX($E$2:$E$13,_xludf.AGGREGATE(15,6,(ROW($E$2:$E$13)-ROW($E$2)+1)/(($E$2:$E$13<>"")*((COUNTIF($BE$2:$BE$9,$E$2:$E$13)=0)+($E$2:$E$13='2. Bästa grupptreor'!$B$12))),ROWS($BJ$2:BJ3))),"")} | BK3: {=IFERROR(INDEX($E$2:$E$13,_xludf.AGGREGATE(15,6,(ROW($E$2:$E$13)-ROW($E$2)+1)/(($E$2:$E$13<>"")*((COUNTIF($BE$2:$BE$9,$E$2:$E$13)=0)+($E$2:$E$13='2. Bästa grupptreor'!$B$14))),ROWS($BK$2:BK3))),"")} | BL3: {=IFERROR(INDEX($E$2:$E$13,_xludf.AGGREGATE(15,6,(ROW($E$2:$E$13)-ROW($E$2)+1)/(($E$2:$E$13<>"")*((COUNTIF($BE$2:$BE$9,$E$2:$E$13)=0)+($E$2:$E$13='2. Bästa grupptreor'!$B$16))),ROWS($BL$2:BL3))),"")} | BM3: {=IFERROR(INDEX($E$2:$E$13,_xludf.AGGREGATE(15,6,(ROW($E$2:$E$13)-ROW($E$2)+1)/(($E$2:$E$13<>"")*((COUNTIF($BE$2:$BE$9,$E$2:$E$13)=0)+($E$2:$E$13='2. Bästa grupptreor'!$B$18))),ROWS($BM$2:BM3))),"")} | BN3: {=IF('2. Bästa grupptreor'!B6="","",INDEX('1. Gruppspel'!$A$4:$A$15,MATCH('2. Bästa grupptreor'!B6,'1. Gruppspel'!$D$4:$D$15,0)))} -> B | BT3: 1 | BU3: =IF('1. Gruppspel'!B4="","",'1. Gruppspel'!B4) -> Sydkorea | BV3: Gruppvinnare A | BX3: M73 | BY3: =IF('1. Gruppspel'!$C$4="","",'1. Gruppspel'!$C$4) -> Mexiko | BZ3: =IF('1. Gruppspel'!$C$5="","",'1. Gruppspel'!$C$5) -> Bosnien och Hercegovina
A4: Sydafrika | C4: 3 | E4: =IF('1. Gruppspel'!D6="","",'1. Gruppspel'!D6) -> Skottland | F4: C | H4: =IF(COUNTIF(_Listor!$BU$26,'1. Gruppspel'!$D$6)>0,'1. Gruppspel'!$D$6,"") | I4: =IF(COUNTIF(_Listor!$BU$26,'1. Gruppspel'!$D$9)>0,'1. Gruppspel'!$D$9,"") | J4: =IF(COUNTIF(_Listor!$BU$26,'1. Gruppspel'!$D$9)>0,'1. Gruppspel'!$D$9,"") | K4: =IF(COUNTIF(_Listor!$BU$26,'1. Gruppspel'!$D$12)>0,'1. Gruppspel'!$D$12,"") | L4: =IF(COUNTIF(_Listor!$BU$26,'1. Gruppspel'!$D$11)>0,'1. Gruppspel'!$D$11,"") | M4: =IF(COUNTIF(_Listor!$BU$26,'1. Gruppspel'!$D$9)>0,'1. Gruppspel'!$D$9,"") | N4: =IF(COUNTIF(_Listor!$BU$26,'1. Gruppspel'!$D$12)>0,'1. Gruppspel'!$D$12,"") | O4: =IF(COUNTIF(_Listor!$BU$26,'1. Gruppspel'!$D$10)>0,'1. Gruppspel'!$D$10,"") | BE4: ='2. Bästa grupptreor'!B8 -> Skottland | BF4: {=IFERROR(INDEX($E$2:$E$13,_xludf.AGGREGATE(15,6,(ROW($E$2:$E$13)-ROW($E$2)+1)/(($E$2:$E$13<>"")*((COUNTIF($BE$2:$BE$9,$E$2:$E$13)=0)+($E$2:$E$13='2. Bästa grupptreor'!$B$4))),ROWS($BF$2:BF4))),"")} | BG4: {=IFERROR(INDEX($E$2:$E$13,_xludf.AGGREGATE(15,6,(ROW($E$2:$E$13)-ROW($E$2)+1)/(($E$2:$E$13<>"")*((COUNTIF($BE$2:$BE$9,$E$2:$E$13)=0)+($E$2:$E$13='2. Bästa grupptreor'!$B$6))),ROWS($BG$2:BG4))),"")} | BH4: {=IFERROR(INDEX($E$2:$E$13,_xludf.AGGREGATE(15,6,(ROW($E$2:$E$13)-ROW($E$2)+1)/(($E$2:$E$13<>"")*((COUNTIF($BE$2:$BE$9,$E$2:$E$13)=0)+($E$2:$E$13='2. Bästa grupptreor'!$B$8))),ROWS($BH$2:BH4))),"")} | BI4: {=IFERROR(INDEX($E$2:$E$13,_xludf.AGGREGATE(15,6,(ROW($E$2:$E$13)-ROW($E$2)+1)/(($E$2:$E$13<>"")*((COUNTIF($BE$2:$BE$9,$E$2:$E$13)=0)+($E$2:$E$13='2. Bästa grupptreor'!$B$10))),ROWS($BI$2:BI4))),"")} | BJ4: {=IFERROR(INDEX($E$2:$E$13,_xludf.AGGREGATE(15,6,(ROW($E$2:$E$13)-ROW($E$2)+1)/(($E$2:$E$13<>"")*((COUNTIF($BE$2:$BE$9,$E$2:$E$13)=0)+($E$2:$E$13='2. Bästa grupptreor'!$B$12))),ROWS($BJ$2:BJ4))),"")} | BK4: {=IFERROR(INDEX($E$2:$E$13,_xludf.AGGREGATE(15,6,(ROW($E$2:$E$13)-ROW($E$2)+1)/(($E$2:$E$13<>"")*((COUNTIF($BE$2:$BE$9,$E$2:$E$13)=0)+($E$2:$E$13='2. Bästa grupptreor'!$B$14))),ROWS($BK$2:BK4))),"")} | BL4: {=IFERROR(INDEX($E$2:$E$13,_xludf.AGGREGATE(15,6,(ROW($E$2:$E$13)-ROW($E$2)+1)/(($E$2:$E$13<>"")*((COUNTIF($BE$2:$BE$9,$E$2:$E$13)=0)+($E$2:$E$13='2. Bästa grupptreor'!$B$16))),ROWS($BL$2:BL4))),"")} | BM4: {=IFERROR(INDEX($E$2:$E$13,_xludf.AGGREGATE(15,6,(ROW($E$2:$E$13)-ROW($E$2)+1)/(($E$2:$E$13<>"")*((COUNTIF($BE$2:$BE$9,$E$2:$E$13)=0)+($E$2:$E$13='2. Bästa grupptreor'!$B$18))),ROWS($BM$2:BM4))),"")} | BN4: {=IF('2. Bästa grupptreor'!B8="","",INDEX('1. Gruppspel'!$A$4:$A$15,MATCH('2. Bästa grupptreor'!B8,'1. Gruppspel'!$D$4:$D$15,0)))} -> C | BT4: 2 | BU4: =IF('1. Gruppspel'!B5="","",'1. Gruppspel'!B5) -> Schweiz | BV4: Gruppvinnare B | BX4: M75 | BY4: =IF('1. Gruppspel'!$B$9="","",'1. Gruppspel'!$B$9) -> Nederländerna | BZ4: =IF('1. Gruppspel'!$C$6="","",'1. Gruppspel'!$C$6) -> Marocko
A5: Sydkorea | C5: 4 | E5: =IF('1. Gruppspel'!D7="","",'1. Gruppspel'!D7) -> Paraguay | F5: D | H5: =IF(COUNTIF(_Listor!$BU$26,'1. Gruppspel'!$D$7)>0,'1. Gruppspel'!$D$7,"") | I5: =IF(COUNTIF(_Listor!$BU$26,'1. Gruppspel'!$D$10)>0,'1. Gruppspel'!$D$10,"") | J5: =IF(COUNTIF(_Listor!$BU$26,'1. Gruppspel'!$D$11)>0,'1. Gruppspel'!$D$11,"") | K5: =IF(COUNTIF(_Listor!$BU$26,'1. Gruppspel'!$D$13)>0,'1. Gruppspel'!$D$13,"") | L5: =IF(COUNTIF(_Listor!$BU$26,'1. Gruppspel'!$D$12)>0,'1. Gruppspel'!$D$12,"") | M5: =IF(COUNTIF(_Listor!$BU$26,'1. Gruppspel'!$D$12)>0,'1. Gruppspel'!$D$12,"") | N5: =IF(COUNTIF(_Listor!$BU$26,'1. Gruppspel'!$D$13)>0,'1. Gruppspel'!$D$13,"") | O5: =IF(COUNTIF(_Listor!$BU$26,'1. Gruppspel'!$D$12)>0,'1. Gruppspel'!$D$12,"") | BE5: ='2. Bästa grupptreor'!B10 -> DR Kongo | BF5: {=IFERROR(INDEX($E$2:$E$13,_xludf.AGGREGATE(15,6,(ROW($E$2:$E$13)-ROW($E$2)+1)/(($E$2:$E$13<>"")*((COUNTIF($BE$2:$BE$9,$E$2:$E$13)=0)+($E$2:$E$13='2. Bästa grupptreor'!$B$4))),ROWS($BF$2:BF5))),"")} | BG5: {=IFERROR(INDEX($E$2:$E$13,_xludf.AGGREGATE(15,6,(ROW($E$2:$E$13)-ROW($E$2)+1)/(($E$2:$E$13<>"")*((COUNTIF($BE$2:$BE$9,$E$2:$E$13)=0)+($E$2:$E$13='2. Bästa grupptreor'!$B$6))),ROWS($BG$2:BG5))),"")} | BH5: {=IFERROR(INDEX($E$2:$E$13,_xludf.AGGREGATE(15,6,(ROW($E$2:$E$13)-ROW($E$2)+1)/(($E$2:$E$13<>"")*((COUNTIF($BE$2:$BE$9,$E$2:$E$13)=0)+($E$2:$E$13='2. Bästa grupptreor'!$B$8))),ROWS($BH$2:BH5))),"")} | BI5: {=IFERROR(INDEX($E$2:$E$13,_xludf.AGGREGATE(15,6,(ROW($E$2:$E$13)-ROW($E$2)+1)/(($E$2:$E$13<>"")*((COUNTIF($BE$2:$BE$9,$E$2:$E$13)=0)+($E$2:$E$13='2. Bästa grupptreor'!$B$10))),ROWS($BI$2:BI5))),"")} | BJ5: {=IFERROR(INDEX($E$2:$E$13,_xludf.AGGREGATE(15,6,(ROW($E$2:$E$13)-ROW($E$2)+1)/(($E$2:$E$13<>"")*((COUNTIF($BE$2:$BE$9,$E$2:$E$13)=0)+($E$2:$E$13='2. Bästa grupptreor'!$B$12))),ROWS($BJ$2:BJ5))),"")} | BK5: {=IFERROR(INDEX($E$2:$E$13,_xludf.AGGREGATE(15,6,(ROW($E$2:$E$13)-ROW($E$2)+1)/(($E$2:$E$13<>"")*((COUNTIF($BE$2:$BE$9,$E$2:$E$13)=0)+($E$2:$E$13='2. Bästa grupptreor'!$B$14))),ROWS($BK$2:BK5))),"")} | BL5: {=IFERROR(INDEX($E$2:$E$13,_xludf.AGGREGATE(15,6,(ROW($E$2:$E$13)-ROW($E$2)+1)/(($E$2:$E$13<>"")*((COUNTIF($BE$2:$BE$9,$E$2:$E$13)=0)+($E$2:$E$13='2. Bästa grupptreor'!$B$16))),ROWS($BL$2:BL5))),"")} | BM5: {=IFERROR(INDEX($E$2:$E$13,_xludf.AGGREGATE(15,6,(ROW($E$2:$E$13)-ROW($E$2)+1)/(($E$2:$E$13<>"")*((COUNTIF($BE$2:$BE$9,$E$2:$E$13)=0)+($E$2:$E$13='2. Bästa grupptreor'!$B$18))),ROWS($BM$2:BM5))),"")} | BN5: {=IF('2. Bästa grupptreor'!B10="","",INDEX('1. Gruppspel'!$A$4:$A$15,MATCH('2. Bästa grupptreor'!B10,'1. Gruppspel'!$D$4:$D$15,0)))} -> K | BT5: 3 | BU5: =IF('1. Gruppspel'!B6="","",'1. Gruppspel'!B6) -> Brasilien | BV5: Gruppvinnare C | BX5: M74 | BY5: =IF('1. Gruppspel'!$B$8="","",'1. Gruppspel'!$B$8) -> Tyskland | BZ5: {=IF(_Listor!$BO$2="","",IFERROR(INDEX('1. Gruppspel'!$D$4:$D$15,MATCH(RIGHT(INDEX('Bilaga 3. AnnexC'!$F$2:$F$496,MATCH(_Listor!$BO$2,'Bilaga 3. AnnexC'!$B$2:$B$496,0)),1),'1. Gruppspel'!$A$4:$A$15,0)),""))} -> Paraguay
A6: Kanada | E6: =IF('1. Gruppspel'!D8="","",'1. Gruppspel'!D8) -> Elfenbenskusten | F6: E | H6: =IF(COUNTIF(_Listor!$BU$26,'1. Gruppspel'!$D$9)>0,'1. Gruppspel'!$D$9,"") | I6: =IF(COUNTIF(_Listor!$BU$26,'1. Gruppspel'!$D$11)>0,'1. Gruppspel'!$D$11,"") | J6: =IF(COUNTIF(_Listor!$BU$26,'1. Gruppspel'!$D$12)>0,'1. Gruppspel'!$D$12,"") | K6: =IF(COUNTIF(_Listor!$BU$26,'1. Gruppspel'!$D$14)>0,'1. Gruppspel'!$D$14,"") | L6: =IF(COUNTIF(_Listor!$BU$26,'1. Gruppspel'!$D$13)>0,'1. Gruppspel'!$D$13,"") | M6: =IF(COUNTIF(_Listor!$BU$26,'1. Gruppspel'!$D$13)>0,'1. Gruppspel'!$D$13,"") | N6: =IF(COUNTIF(_Listor!$BU$26,'1. Gruppspel'!$D$15)>0,'1. Gruppspel'!$D$15,"") | O6: =IF(COUNTIF(_Listor!$BU$26,'1. Gruppspel'!$D$13)>0,'1. Gruppspel'!$D$13,"") | BE6: ='2. Bästa grupptreor'!B12 -> Tjeckien | BF6: {=IFERROR(INDEX($E$2:$E$13,_xludf.AGGREGATE(15,6,(ROW($E$2:$E$13)-ROW($E$2)+1)/(($E$2:$E$13<>"")*((COUNTIF($BE$2:$BE$9,$E$2:$E$13)=0)+($E$2:$E$13='2. Bästa grupptreor'!$B$4))),ROWS($BF$2:BF6))),"")} | BG6: {=IFERROR(INDEX($E$2:$E$13,_xludf.AGGREGATE(15,6,(ROW($E$2:$E$13)-ROW($E$2)+1)/(($E$2:$E$13<>"")*((COUNTIF($BE$2:$BE$9,$E$2:$E$13)=0)+($E$2:$E$13='2. Bästa grupptreor'!$B$6))),ROWS($BG$2:BG6))),"")} | BH6: {=IFERROR(INDEX($E$2:$E$13,_xludf.AGGREGATE(15,6,(ROW($E$2:$E$13)-ROW($E$2)+1)/(($E$2:$E$13<>"")*((COUNTIF($BE$2:$BE$9,$E$2:$E$13)=0)+($E$2:$E$13='2. Bästa grupptreor'!$B$8))),ROWS($BH$2:BH6))),"")} | BI6: {=IFERROR(INDEX($E$2:$E$13,_xludf.AGGREGATE(15,6,(ROW($E$2:$E$13)-ROW($E$2)+1)/(($E$2:$E$13<>"")*((COUNTIF($BE$2:$BE$9,$E$2:$E$13)=0)+($E$2:$E$13='2. Bästa grupptreor'!$B$10))),ROWS($BI$2:BI6))),"")} | BJ6: {=IFERROR(INDEX($E$2:$E$13,_xludf.AGGREGATE(15,6,(ROW($E$2:$E$13)-ROW($E$2)+1)/(($E$2:$E$13<>"")*((COUNTIF($BE$2:$BE$9,$E$2:$E$13)=0)+($E$2:$E$13='2. Bästa grupptreor'!$B$12))),ROWS($BJ$2:BJ6))),"")} | BK6: {=IFERROR(INDEX($E$2:$E$13,_xludf.AGGREGATE(15,6,(ROW($E$2:$E$13)-ROW($E$2)+1)/(($E$2:$E$13<>"")*((COUNTIF($BE$2:$BE$9,$E$2:$E$13)=0)+($E$2:$E$13='2. Bästa grupptreor'!$B$14))),ROWS($BK$2:BK6))),"")} | BL6: {=IFERROR(INDEX($E$2:$E$13,_xludf.AGGREGATE(15,6,(ROW($E$2:$E$13)-ROW($E$2)+1)/(($E$2:$E$13<>"")*((COUNTIF($BE$2:$BE$9,$E$2:$E$13)=0)+($E$2:$E$13='2. Bästa grupptreor'!$B$16))),ROWS($BL$2:BL6))),"")} | BM6: {=IFERROR(INDEX($E$2:$E$13,_xludf.AGGREGATE(15,6,(ROW($E$2:$E$13)-ROW($E$2)+1)/(($E$2:$E$13<>"")*((COUNTIF($BE$2:$BE$9,$E$2:$E$13)=0)+($E$2:$E$13='2. Bästa grupptreor'!$B$18))),ROWS($BM$2:BM6))),"")} | BN6: {=IF('2. Bästa grupptreor'!B12="","",INDEX('1. Gruppspel'!$A$4:$A$15,MATCH('2. Bästa grupptreor'!B12,'1. Gruppspel'!$D$4:$D$15,0)))} -> A | BT6: 4 | BU6: =IF('1. Gruppspel'!B7="","",'1. Gruppspel'!B7) -> Turkiet | BV6: Gruppvinnare D | BX6: M77 | BY6: =IF('1. Gruppspel'!$B$12="","",'1. Gruppspel'!$B$12) -> Frankrike | BZ6: {=IF(_Listor!$BO$2="","",IFERROR(INDEX('1. Gruppspel'!$D$4:$D$15,MATCH(RIGHT(INDEX('Bilaga 3. AnnexC'!$H$2:$H$496,MATCH(_Listor!$BO$2,'Bilaga 3. AnnexC'!$B$2:$B$496,0)),1),'1. Gruppspel'!$A$4:$A$15,0)),""))} -> Sverige
A7: Bosnien och Hercegovina | E7: =IF('1. Gruppspel'!D9="","",'1. Gruppspel'!D9) -> Sverige | F7: F | BE7: ='2. Bästa grupptreor'!B14 -> Paraguay | BF7: {=IFERROR(INDEX($E$2:$E$13,_xludf.AGGREGATE(15,6,(ROW($E$2:$E$13)-ROW($E$2)+1)/(($E$2:$E$13<>"")*((COUNTIF($BE$2:$BE$9,$E$2:$E$13)=0)+($E$2:$E$13='2. Bästa grupptreor'!$B$4))),ROWS($BF$2:BF7))),"")} | BG7: {=IFERROR(INDEX($E$2:$E$13,_xludf.AGGREGATE(15,6,(ROW($E$2:$E$13)-ROW($E$2)+1)/(($E$2:$E$13<>"")*((COUNTIF($BE$2:$BE$9,$E$2:$E$13)=0)+($E$2:$E$13='2. Bästa grupptreor'!$B$6))),ROWS($BG$2:BG7))),"")} | BH7: {=IFERROR(INDEX($E$2:$E$13,_xludf.AGGREGATE(15,6,(ROW($E$2:$E$13)-ROW($E$2)+1)/(($E$2:$E$13<>"")*((COUNTIF($BE$2:$BE$9,$E$2:$E$13)=0)+($E$2:$E$13='2. Bästa grupptreor'!$B$8))),ROWS($BH$2:BH7))),"")} | BI7: {=IFERROR(INDEX($E$2:$E$13,_xludf.AGGREGATE(15,6,(ROW($E$2:$E$13)-ROW($E$2)+1)/(($E$2:$E$13<>"")*((COUNTIF($BE$2:$BE$9,$E$2:$E$13)=0)+($E$2:$E$13='2. Bästa grupptreor'!$B$10))),ROWS($BI$2:BI7))),"")} | BJ7: {=IFERROR(INDEX($E$2:$E$13,_xludf.AGGREGATE(15,6,(ROW($E$2:$E$13)-ROW($E$2)+1)/(($E$2:$E$13<>"")*((COUNTIF($BE$2:$BE$9,$E$2:$E$13)=0)+($E$2:$E$13='2. Bästa grupptreor'!$B$12))),ROWS($BJ$2:BJ7))),"")} | BK7: {=IFERROR(INDEX($E$2:$E$13,_xludf.AGGREGATE(15,6,(ROW($E$2:$E$13)-ROW($E$2)+1)/(($E$2:$E$13<>"")*((COUNTIF($BE$2:$BE$9,$E$2:$E$13)=0)+($E$2:$E$13='2. Bästa grupptreor'!$B$14))),ROWS($BK$2:BK7))),"")} | BL7: {=IFERROR(INDEX($E$2:$E$13,_xludf.AGGREGATE(15,6,(ROW($E$2:$E$13)-ROW($E$2)+1)/(($E$2:$E$13<>"")*((COUNTIF($BE$2:$BE$9,$E$2:$E$13)=0)+($E$2:$E$13='2. Bästa grupptreor'!$B$16))),ROWS($BL$2:BL7))),"")} | BM7: {=IFERROR(INDEX($E$2:$E$13,_xludf.AGGREGATE(15,6,(ROW($E$2:$E$13)-ROW($E$2)+1)/(($E$2:$E$13<>"")*((COUNTIF($BE$2:$BE$9,$E$2:$E$13)=0)+($E$2:$E$13='2. Bästa grupptreor'!$B$18))),ROWS($BM$2:BM7))),"")} | BN7: {=IF('2. Bästa grupptreor'!B14="","",INDEX('1. Gruppspel'!$A$4:$A$15,MATCH('2. Bästa grupptreor'!B14,'1. Gruppspel'!$D$4:$D$15,0)))} -> D | BT7: 5 | BU7: =IF('1. Gruppspel'!B8="","",'1. Gruppspel'!B8) -> Tyskland | BV7: Gruppvinnare E | BX7: M76 | BY7: =IF('1. Gruppspel'!$B$6="","",'1. Gruppspel'!$B$6) -> Brasilien | BZ7: =IF('1. Gruppspel'!$C$9="","",'1. Gruppspel'!$C$9) -> Japan
A8: Qatar | E8: =IF('1. Gruppspel'!D10="","",'1. Gruppspel'!D10) -> Iran | F8: G | BE8: ='2. Bästa grupptreor'!B16 -> Elfenbenskusten | BF8: {=IFERROR(INDEX($E$2:$E$13,_xludf.AGGREGATE(15,6,(ROW($E$2:$E$13)-ROW($E$2)+1)/(($E$2:$E$13<>"")*((COUNTIF($BE$2:$BE$9,$E$2:$E$13)=0)+($E$2:$E$13='2. Bästa grupptreor'!$B$4))),ROWS($BF$2:BF8))),"")} | BG8: {=IFERROR(INDEX($E$2:$E$13,_xludf.AGGREGATE(15,6,(ROW($E$2:$E$13)-ROW($E$2)+1)/(($E$2:$E$13<>"")*((COUNTIF($BE$2:$BE$9,$E$2:$E$13)=0)+($E$2:$E$13='2. Bästa grupptreor'!$B$6))),ROWS($BG$2:BG8))),"")} | BH8: {=IFERROR(INDEX($E$2:$E$13,_xludf.AGGREGATE(15,6,(ROW($E$2:$E$13)-ROW($E$2)+1)/(($E$2:$E$13<>"")*((COUNTIF($BE$2:$BE$9,$E$2:$E$13)=0)+($E$2:$E$13='2. Bästa grupptreor'!$B$8))),ROWS($BH$2:BH8))),"")} | BI8: {=IFERROR(INDEX($E$2:$E$13,_xludf.AGGREGATE(15,6,(ROW($E$2:$E$13)-ROW($E$2)+1)/(($E$2:$E$13<>"")*((COUNTIF($BE$2:$BE$9,$E$2:$E$13)=0)+($E$2:$E$13='2. Bästa grupptreor'!$B$10))),ROWS($BI$2:BI8))),"")} | BJ8: {=IFERROR(INDEX($E$2:$E$13,_xludf.AGGREGATE(15,6,(ROW($E$2:$E$13)-ROW($E$2)+1)/(($E$2:$E$13<>"")*((COUNTIF($BE$2:$BE$9,$E$2:$E$13)=0)+($E$2:$E$13='2. Bästa grupptreor'!$B$12))),ROWS($BJ$2:BJ8))),"")} | BK8: {=IFERROR(INDEX($E$2:$E$13,_xludf.AGGREGATE(15,6,(ROW($E$2:$E$13)-ROW($E$2)+1)/(($E$2:$E$13<>"")*((COUNTIF($BE$2:$BE$9,$E$2:$E$13)=0)+($E$2:$E$13='2. Bästa grupptreor'!$B$14))),ROWS($BK$2:BK8))),"")} | BL8: {=IFERROR(INDEX($E$2:$E$13,_xludf.AGGREGATE(15,6,(ROW($E$2:$E$13)-ROW($E$2)+1)/(($E$2:$E$13<>"")*((COUNTIF($BE$2:$BE$9,$E$2:$E$13)=0)+($E$2:$E$13='2. Bästa grupptreor'!$B$16))),ROWS($BL$2:BL8))),"")} | BM8: {=IFERROR(INDEX($E$2:$E$13,_xludf.AGGREGATE(15,6,(ROW($E$2:$E$13)-ROW($E$2)+1)/(($E$2:$E$13<>"")*((COUNTIF($BE$2:$BE$9,$E$2:$E$13)=0)+($E$2:$E$13='2. Bästa grupptreor'!$B$18))),ROWS($BM$2:BM8))),"")} | BN8: {=IF('2. Bästa grupptreor'!B16="","",INDEX('1. Gruppspel'!$A$4:$A$15,MATCH('2. Bästa grupptreor'!B16,'1. Gruppspel'!$D$4:$D$15,0)))} -> E | BT8: 6 | BU8: =IF('1. Gruppspel'!B9="","",'1. Gruppspel'!B9) -> Nederländerna | BV8: Gruppvinnare F | BX8: M78 | BY8: =IF('1. Gruppspel'!$C$8="","",'1. Gruppspel'!$C$8) -> Ecuador | BZ8: =IF('1. Gruppspel'!$C$12="","",'1. Gruppspel'!$C$12) -> Norge
A9: Schweiz | E9: =IF('1. Gruppspel'!D11="","",'1. Gruppspel'!D11) -> Saudiarabien | F9: H | BE9: ='2. Bästa grupptreor'!B18 -> Senegal | BF9: {=IFERROR(INDEX($E$2:$E$13,_xludf.AGGREGATE(15,6,(ROW($E$2:$E$13)-ROW($E$2)+1)/(($E$2:$E$13<>"")*((COUNTIF($BE$2:$BE$9,$E$2:$E$13)=0)+($E$2:$E$13='2. Bästa grupptreor'!$B$4))),ROWS($BF$2:BF9))),"")} | BG9: {=IFERROR(INDEX($E$2:$E$13,_xludf.AGGREGATE(15,6,(ROW($E$2:$E$13)-ROW($E$2)+1)/(($E$2:$E$13<>"")*((COUNTIF($BE$2:$BE$9,$E$2:$E$13)=0)+($E$2:$E$13='2. Bästa grupptreor'!$B$6))),ROWS($BG$2:BG9))),"")} | BH9: {=IFERROR(INDEX($E$2:$E$13,_xludf.AGGREGATE(15,6,(ROW($E$2:$E$13)-ROW($E$2)+1)/(($E$2:$E$13<>"")*((COUNTIF($BE$2:$BE$9,$E$2:$E$13)=0)+($E$2:$E$13='2. Bästa grupptreor'!$B$8))),ROWS($BH$2:BH9))),"")} | BI9: {=IFERROR(INDEX($E$2:$E$13,_xludf.AGGREGATE(15,6,(ROW($E$2:$E$13)-ROW($E$2)+1)/(($E$2:$E$13<>"")*((COUNTIF($BE$2:$BE$9,$E$2:$E$13)=0)+($E$2:$E$13='2. Bästa grupptreor'!$B$10))),ROWS($BI$2:BI9))),"")} | BJ9: {=IFERROR(INDEX($E$2:$E$13,_xludf.AGGREGATE(15,6,(ROW($E$2:$E$13)-ROW($E$2)+1)/(($E$2:$E$13<>"")*((COUNTIF($BE$2:$BE$9,$E$2:$E$13)=0)+($E$2:$E$13='2. Bästa grupptreor'!$B$12))),ROWS($BJ$2:BJ9))),"")} | BK9: {=IFERROR(INDEX($E$2:$E$13,_xludf.AGGREGATE(15,6,(ROW($E$2:$E$13)-ROW($E$2)+1)/(($E$2:$E$13<>"")*((COUNTIF($BE$2:$BE$9,$E$2:$E$13)=0)+($E$2:$E$13='2. Bästa grupptreor'!$B$14))),ROWS($BK$2:BK9))),"")} | BL9: {=IFERROR(INDEX($E$2:$E$13,_xludf.AGGREGATE(15,6,(ROW($E$2:$E$13)-ROW($E$2)+1)/(($E$2:$E$13<>"")*((COUNTIF($BE$2:$BE$9,$E$2:$E$13)=0)+($E$2:$E$13='2. Bästa grupptreor'!$B$16))),ROWS($BL$2:BL9))),"")} | BM9: {=IFERROR(INDEX($E$2:$E$13,_xludf.AGGREGATE(15,6,(ROW($E$2:$E$13)-ROW($E$2)+1)/(($E$2:$E$13<>"")*((COUNTIF($BE$2:$BE$9,$E$2:$E$13)=0)+($E$2:$E$13='2. Bästa grupptreor'!$B$18))),ROWS($BM$2:BM9))),"")} | BN9: {=IF('2. Bästa grupptreor'!B18="","",INDEX('1. Gruppspel'!$A$4:$A$15,MATCH('2. Bästa grupptreor'!B18,'1. Gruppspel'!$D$4:$D$15,0)))} -> I | BT9: 7 | BU9: =IF('1. Gruppspel'!B10="","",'1. Gruppspel'!B10) -> Belgien | BV9: Gruppvinnare G | BX9: M79 | BY9: =IF('1. Gruppspel'!$B$4="","",'1. Gruppspel'!$B$4) -> Sydkorea | BZ9: {=IF(_Listor!$BO$2="","",IFERROR(INDEX('1. Gruppspel'!$D$4:$D$15,MATCH(RIGHT(INDEX('Bilaga 3. AnnexC'!$C$2:$C$496,MATCH(_Listor!$BO$2,'Bilaga 3. AnnexC'!$B$2:$B$496,0)),1),'1. Gruppspel'!$A$4:$A$15,0)),""))} -> Skottland
A10: Brasilien | E10: =IF('1. Gruppspel'!D12="","",'1. Gruppspel'!D12) -> Senegal | F10: I | BF10: {=IFERROR(INDEX($E$2:$E$13,_xludf.AGGREGATE(15,6,(ROW($E$2:$E$13)-ROW($E$2)+1)/(($E$2:$E$13<>"")*((COUNTIF($BE$2:$BE$9,$E$2:$E$13)=0)+($E$2:$E$13='2. Bästa grupptreor'!$B$4))),ROWS($BF$2:BF10))),"")} | BG10: {=IFERROR(INDEX($E$2:$E$13,_xludf.AGGREGATE(15,6,(ROW($E$2:$E$13)-ROW($E$2)+1)/(($E$2:$E$13<>"")*((COUNTIF($BE$2:$BE$9,$E$2:$E$13)=0)+($E$2:$E$13='2. Bästa grupptreor'!$B$6))),ROWS($BG$2:BG10))),"")} | BH10: {=IFERROR(INDEX($E$2:$E$13,_xludf.AGGREGATE(15,6,(ROW($E$2:$E$13)-ROW($E$2)+1)/(($E$2:$E$13<>"")*((COUNTIF($BE$2:$BE$9,$E$2:$E$13)=0)+($E$2:$E$13='2. Bästa grupptreor'!$B$8))),ROWS($BH$2:BH10))),"")} | BI10: {=IFERROR(INDEX($E$2:$E$13,_xludf.AGGREGATE(15,6,(ROW($E$2:$E$13)-ROW($E$2)+1)/(($E$2:$E$13<>"")*((COUNTIF($BE$2:$BE$9,$E$2:$E$13)=0)+($E$2:$E$13='2. Bästa grupptreor'!$B$10))),ROWS($BI$2:BI10))),"")} | BJ10: {=IFERROR(INDEX($E$2:$E$13,_xludf.AGGREGATE(15,6,(ROW($E$2:$E$13)-ROW($E$2)+1)/(($E$2:$E$13<>"")*((COUNTIF($BE$2:$BE$9,$E$2:$E$13)=0)+($E$2:$E$13='2. Bästa grupptreor'!$B$12))),ROWS($BJ$2:BJ10))),"")} | BK10: {=IFERROR(INDEX($E$2:$E$13,_xludf.AGGREGATE(15,6,(ROW($E$2:$E$13)-ROW($E$2)+1)/(($E$2:$E$13<>"")*((COUNTIF($BE$2:$BE$9,$E$2:$E$13)=0)+($E$2:$E$13='2. Bästa grupptreor'!$B$14))),ROWS($BK$2:BK10))),"")} | BL10: {=IFERROR(INDEX($E$2:$E$13,_xludf.AGGREGATE(15,6,(ROW($E$2:$E$13)-ROW($E$2)+1)/(($E$2:$E$13<>"")*((COUNTIF($BE$2:$BE$9,$E$2:$E$13)=0)+($E$2:$E$13='2. Bästa grupptreor'!$B$16))),ROWS($BL$2:BL10))),"")} | BM10: {=IFERROR(INDEX($E$2:$E$13,_xludf.AGGREGATE(15,6,(ROW($E$2:$E$13)-ROW($E$2)+1)/(($E$2:$E$13<>"")*((COUNTIF($BE$2:$BE$9,$E$2:$E$13)=0)+($E$2:$E$13='2. Bästa grupptreor'!$B$18))),ROWS($BM$2:BM10))),"")} | BT10: 8 | BU10: =IF('1. Gruppspel'!B11="","",'1. Gruppspel'!B11) -> Spanien | BV10: Gruppvinnare H | BX10: M80 | BY10: =IF('1. Gruppspel'!$B$15="","",'1. Gruppspel'!$B$15) -> Kroatien | BZ10: {=IF(_Listor!$BO$2="","",IFERROR(INDEX('1. Gruppspel'!$D$4:$D$15,MATCH(RIGHT(INDEX('Bilaga 3. AnnexC'!$J$2:$J$496,MATCH(_Listor!$BO$2,'Bilaga 3. AnnexC'!$B$2:$B$496,0)),1),'1. Gruppspel'!$A$4:$A$15,0)),""))} -> DR Kongo
A11: Haiti | E11: =IF('1. Gruppspel'!D13="","",'1. Gruppspel'!D13) -> Algeriet | F11: J | BF11: {=IFERROR(INDEX($E$2:$E$13,_xludf.AGGREGATE(15,6,(ROW($E$2:$E$13)-ROW($E$2)+1)/(($E$2:$E$13<>"")*((COUNTIF($BE$2:$BE$9,$E$2:$E$13)=0)+($E$2:$E$13='2. Bästa grupptreor'!$B$4))),ROWS($BF$2:BF11))),"")} | BG11: {=IFERROR(INDEX($E$2:$E$13,_xludf.AGGREGATE(15,6,(ROW($E$2:$E$13)-ROW($E$2)+1)/(($E$2:$E$13<>"")*((COUNTIF($BE$2:$BE$9,$E$2:$E$13)=0)+($E$2:$E$13='2. Bästa grupptreor'!$B$6))),ROWS($BG$2:BG11))),"")} | BH11: {=IFERROR(INDEX($E$2:$E$13,_xludf.AGGREGATE(15,6,(ROW($E$2:$E$13)-ROW($E$2)+1)/(($E$2:$E$13<>"")*((COUNTIF($BE$2:$BE$9,$E$2:$E$13)=0)+($E$2:$E$13='2. Bästa grupptreor'!$B$8))),ROWS($BH$2:BH11))),"")} | BI11: {=IFERROR(INDEX($E$2:$E$13,_xludf.AGGREGATE(15,6,(ROW($E$2:$E$13)-ROW($E$2)+1)/(($E$2:$E$13<>"")*((COUNTIF($BE$2:$BE$9,$E$2:$E$13)=0)+($E$2:$E$13='2. Bästa grupptreor'!$B$10))),ROWS($BI$2:BI11))),"")} | BJ11: {=IFERROR(INDEX($E$2:$E$13,_xludf.AGGREGATE(15,6,(ROW($E$2:$E$13)-ROW($E$2)+1)/(($E$2:$E$13<>"")*((COUNTIF($BE$2:$BE$9,$E$2:$E$13)=0)+($E$2:$E$13='2. Bästa grupptreor'!$B$12))),ROWS($BJ$2:BJ11))),"")} | BK11: {=IFERROR(INDEX($E$2:$E$13,_xludf.AGGREGATE(15,6,(ROW($E$2:$E$13)-ROW($E$2)+1)/(($E$2:$E$13<>"")*((COUNTIF($BE$2:$BE$9,$E$2:$E$13)=0)+($E$2:$E$13='2. Bästa grupptreor'!$B$14))),ROWS($BK$2:BK11))),"")} | BL11: {=IFERROR(INDEX($E$2:$E$13,_xludf.AGGREGATE(15,6,(ROW($E$2:$E$13)-ROW($E$2)+1)/(($E$2:$E$13<>"")*((COUNTIF($BE$2:$BE$9,$E$2:$E$13)=0)+($E$2:$E$13='2. Bästa grupptreor'!$B$16))),ROWS($BL$2:BL11))),"")} | BM11: {=IFERROR(INDEX($E$2:$E$13,_xludf.AGGREGATE(15,6,(ROW($E$2:$E$13)-ROW($E$2)+1)/(($E$2:$E$13<>"")*((COUNTIF($BE$2:$BE$9,$E$2:$E$13)=0)+($E$2:$E$13='2. Bästa grupptreor'!$B$18))),ROWS($BM$2:BM11))),"")} | BT11: 9 | BU11: =IF('1. Gruppspel'!B12="","",'1. Gruppspel'!B12) -> Frankrike | BV11: Gruppvinnare I | BX11: M83 | BY11: =IF('1. Gruppspel'!$C$14="","",'1. Gruppspel'!$C$14) -> Colombia | BZ11: =IF('1. Gruppspel'!$C$15="","",'1. Gruppspel'!$C$15) -> England
A12: Marocko | E12: =IF('1. Gruppspel'!D14="","",'1. Gruppspel'!D14) -> DR Kongo | F12: K | BF12: {=IFERROR(INDEX($E$2:$E$13,_xludf.AGGREGATE(15,6,(ROW($E$2:$E$13)-ROW($E$2)+1)/(($E$2:$E$13<>"")*((COUNTIF($BE$2:$BE$9,$E$2:$E$13)=0)+($E$2:$E$13='2. Bästa grupptreor'!$B$4))),ROWS($BF$2:BF12))),"")} | BG12: {=IFERROR(INDEX($E$2:$E$13,_xludf.AGGREGATE(15,6,(ROW($E$2:$E$13)-ROW($E$2)+1)/(($E$2:$E$13<>"")*((COUNTIF($BE$2:$BE$9,$E$2:$E$13)=0)+($E$2:$E$13='2. Bästa grupptreor'!$B$6))),ROWS($BG$2:BG12))),"")} | BH12: {=IFERROR(INDEX($E$2:$E$13,_xludf.AGGREGATE(15,6,(ROW($E$2:$E$13)-ROW($E$2)+1)/(($E$2:$E$13<>"")*((COUNTIF($BE$2:$BE$9,$E$2:$E$13)=0)+($E$2:$E$13='2. Bästa grupptreor'!$B$8))),ROWS($BH$2:BH12))),"")} | BI12: {=IFERROR(INDEX($E$2:$E$13,_xludf.AGGREGATE(15,6,(ROW($E$2:$E$13)-ROW($E$2)+1)/(($E$2:$E$13<>"")*((COUNTIF($BE$2:$BE$9,$E$2:$E$13)=0)+($E$2:$E$13='2. Bästa grupptreor'!$B$10))),ROWS($BI$2:BI12))),"")} | BJ12: {=IFERROR(INDEX($E$2:$E$13,_xludf.AGGREGATE(15,6,(ROW($E$2:$E$13)-ROW($E$2)+1)/(($E$2:$E$13<>"")*((COUNTIF($BE$2:$BE$9,$E$2:$E$13)=0)+($E$2:$E$13='2. Bästa grupptreor'!$B$12))),ROWS($BJ$2:BJ12))),"")} | BK12: {=IFERROR(INDEX($E$2:$E$13,_xludf.AGGREGATE(15,6,(ROW($E$2:$E$13)-ROW($E$2)+1)/(($E$2:$E$13<>"")*((COUNTIF($BE$2:$BE$9,$E$2:$E$13)=0)+($E$2:$E$13='2. Bästa grupptreor'!$B$14))),ROWS($BK$2:BK12))),"")} | BL12: {=IFERROR(INDEX($E$2:$E$13,_xludf.AGGREGATE(15,6,(ROW($E$2:$E$13)-ROW($E$2)+1)/(($E$2:$E$13<>"")*((COUNTIF($BE$2:$BE$9,$E$2:$E$13)=0)+($E$2:$E$13='2. Bästa grupptreor'!$B$16))),ROWS($BL$2:BL12))),"")} | BM12: {=IFERROR(INDEX($E$2:$E$13,_xludf.AGGREGATE(15,6,(ROW($E$2:$E$13)-ROW($E$2)+1)/(($E$2:$E$13<>"")*((COUNTIF($BE$2:$BE$9,$E$2:$E$13)=0)+($E$2:$E$13='2. Bästa grupptreor'!$B$18))),ROWS($BM$2:BM12))),"")} | BT12: 10 | BU12: =IF('1. Gruppspel'!B13="","",'1. Gruppspel'!B13) -> Argentina | BV12: Gruppvinnare J | BX12: M84 | BY12: =IF('1. Gruppspel'!$B$11="","",'1. Gruppspel'!$B$11) -> Spanien | BZ12: =IF('1. Gruppspel'!$C$13="","",'1. Gruppspel'!$C$13) -> Österrike
A13: Skottland | E13: =IF('1. Gruppspel'!D15="","",'1. Gruppspel'!D15) -> Panama | F13: L | BF13: {=IFERROR(INDEX($E$2:$E$13,_xludf.AGGREGATE(15,6,(ROW($E$2:$E$13)-ROW($E$2)+1)/(($E$2:$E$13<>"")*((COUNTIF($BE$2:$BE$9,$E$2:$E$13)=0)+($E$2:$E$13='2. Bästa grupptreor'!$B$4))),ROWS($BF$2:BF13))),"")} | BG13: {=IFERROR(INDEX($E$2:$E$13,_xludf.AGGREGATE(15,6,(ROW($E$2:$E$13)-ROW($E$2)+1)/(($E$2:$E$13<>"")*((COUNTIF($BE$2:$BE$9,$E$2:$E$13)=0)+($E$2:$E$13='2. Bästa grupptreor'!$B$6))),ROWS($BG$2:BG13))),"")} | BH13: {=IFERROR(INDEX($E$2:$E$13,_xludf.AGGREGATE(15,6,(ROW($E$2:$E$13)-ROW($E$2)+1)/(($E$2:$E$13<>"")*((COUNTIF($BE$2:$BE$9,$E$2:$E$13)=0)+($E$2:$E$13='2. Bästa grupptreor'!$B$8))),ROWS($BH$2:BH13))),"")} | BI13: {=IFERROR(INDEX($E$2:$E$13,_xludf.AGGREGATE(15,6,(ROW($E$2:$E$13)-ROW($E$2)+1)/(($E$2:$E$13<>"")*((COUNTIF($BE$2:$BE$9,$E$2:$E$13)=0)+($E$2:$E$13='2. Bästa grupptreor'!$B$10))),ROWS($BI$2:BI13))),"")} | BJ13: {=IFERROR(INDEX($E$2:$E$13,_xludf.AGGREGATE(15,6,(ROW($E$2:$E$13)-ROW($E$2)+1)/(($E$2:$E$13<>"")*((COUNTIF($BE$2:$BE$9,$E$2:$E$13)=0)+($E$2:$E$13='2. Bästa grupptreor'!$B$12))),ROWS($BJ$2:BJ13))),"")} | BK13: {=IFERROR(INDEX($E$2:$E$13,_xludf.AGGREGATE(15,6,(ROW($E$2:$E$13)-ROW($E$2)+1)/(($E$2:$E$13<>"")*((COUNTIF($BE$2:$BE$9,$E$2:$E$13)=0)+($E$2:$E$13='2. Bästa grupptreor'!$B$14))),ROWS($BK$2:BK13))),"")} | BL13: {=IFERROR(INDEX($E$2:$E$13,_xludf.AGGREGATE(15,6,(ROW($E$2:$E$13)-ROW($E$2)+1)/(($E$2:$E$13<>"")*((COUNTIF($BE$2:$BE$9,$E$2:$E$13)=0)+($E$2:$E$13='2. Bästa grupptreor'!$B$16))),ROWS($BL$2:BL13))),"")} | BM13: {=IFERROR(INDEX($E$2:$E$13,_xludf.AGGREGATE(15,6,(ROW($E$2:$E$13)-ROW($E$2)+1)/(($E$2:$E$13<>"")*((COUNTIF($BE$2:$BE$9,$E$2:$E$13)=0)+($E$2:$E$13='2. Bästa grupptreor'!$B$18))),ROWS($BM$2:BM13))),"")} | BT13: 11 | BU13: =IF('1. Gruppspel'!B14="","",'1. Gruppspel'!B14) -> Portugal | BV13: Gruppvinnare K | BX13: M81 | BY13: =IF('1. Gruppspel'!$B$7="","",'1. Gruppspel'!$B$7) -> Turkiet | BZ13: {=IF(_Listor!$BO$2="","",IFERROR(INDEX('1. Gruppspel'!$D$4:$D$15,MATCH(RIGHT(INDEX('Bilaga 3. AnnexC'!$E$2:$E$496,MATCH(_Listor!$BO$2,'Bilaga 3. AnnexC'!$B$2:$B$496,0)),1),'1. Gruppspel'!$A$4:$A$15,0)),""))} -> Kanada
A14: USA | BT14: 12 | BU14: =IF('1. Gruppspel'!B15="","",'1. Gruppspel'!B15) -> Kroatien | BV14: Gruppvinnare L | BX14: M82 | BY14: =IF('1. Gruppspel'!$B$10="","",'1. Gruppspel'!$B$10) -> Belgien | BZ14: {=IF(_Listor!$BO$2="","",IFERROR(INDEX('1. Gruppspel'!$D$4:$D$15,MATCH(RIGHT(INDEX('Bilaga 3. AnnexC'!$G$2:$G$496,MATCH(_Listor!$BO$2,'Bilaga 3. AnnexC'!$B$2:$B$496,0)),1),'1. Gruppspel'!$A$4:$A$15,0)),""))} -> Tjeckien
A15: Australien | BT15: 13 | BU15: =IF('1. Gruppspel'!C4="","",'1. Gruppspel'!C4) -> Mexiko | BV15: Grupptvåa A | BX15: M86 | BY15: =IF('1. Gruppspel'!$B$13="","",'1. Gruppspel'!$B$13) -> Argentina | BZ15: =IF('1. Gruppspel'!$C$11="","",'1. Gruppspel'!$C$11) -> Uruguay
A16: Paraguay | BT16: 14 | BU16: =IF('1. Gruppspel'!C5="","",'1. Gruppspel'!C5) -> Bosnien och Hercegovina | BV16: Grupptvåa B | BX16: M88 | BY16: =IF('1. Gruppspel'!$C$7="","",'1. Gruppspel'!$C$7) -> USA | BZ16: =IF('1. Gruppspel'!$C$10="","",'1. Gruppspel'!$C$10) -> Egypten
A17: Turkiet | BT17: 15 | BU17: =IF('1. Gruppspel'!C6="","",'1. Gruppspel'!C6) -> Marocko | BV17: Grupptvåa C | BX17: M85 | BY17: =IF('1. Gruppspel'!$B$5="","",'1. Gruppspel'!$B$5) -> Schweiz | BZ17: {=IF(_Listor!$BO$2="","",IFERROR(INDEX('1. Gruppspel'!$D$4:$D$15,MATCH(RIGHT(INDEX('Bilaga 3. AnnexC'!$D$2:$D$496,MATCH(_Listor!$BO$2,'Bilaga 3. AnnexC'!$B$2:$B$496,0)),1),'1. Gruppspel'!$A$4:$A$15,0)),""))} -> Elfenbenskusten
A18: Curaçao | BT18: 16 | BU18: =IF('1. Gruppspel'!C7="","",'1. Gruppspel'!C7) -> USA | BV18: Grupptvåa D | BX18: M87 | BY18: =IF('1. Gruppspel'!$B$14="","",'1. Gruppspel'!$B$14) -> Portugal | BZ18: {=IF(_Listor!$BO$2="","",IFERROR(INDEX('1. Gruppspel'!$D$4:$D$15,MATCH(RIGHT(INDEX('Bilaga 3. AnnexC'!$I$2:$I$496,MATCH(_Listor!$BO$2,'Bilaga 3. AnnexC'!$B$2:$B$496,0)),1),'1. Gruppspel'!$A$4:$A$15,0)),""))} -> Senegal
A19: Ecuador | BT19: 17 | BU19: =IF('1. Gruppspel'!C8="","",'1. Gruppspel'!C8) -> Ecuador | BV19: Grupptvåa E
A20: Tyskland | BT20: 18 | BU20: =IF('1. Gruppspel'!C9="","",'1. Gruppspel'!C9) -> Japan | BV20: Grupptvåa F
A21: Elfenbenskusten | BT21: 19 | BU21: =IF('1. Gruppspel'!C10="","",'1. Gruppspel'!C10) -> Egypten | BV21: Grupptvåa G | BX21: Färgförklaring
A22: Nederländerna | BT22: 20 | BU22: =IF('1. Gruppspel'!C11="","",'1. Gruppspel'!C11) -> Uruguay | BV22: Grupptvåa H | BX22: Blå | BY22: Automatiskt från gruppspel
A23: Japan | BT23: 21 | BU23: =IF('1. Gruppspel'!C12="","",'1. Gruppspel'!C12) -> Norge | BV23: Grupptvåa I | BX23: Gul | BY23: Välj bästa grupptrea
A24: Sverige | BT24: 22 | BU24: =IF('1. Gruppspel'!C13="","",'1. Gruppspel'!C13) -> Österrike | BV24: Grupptvåa J | BX24: Grön/orange/lila/turkos/guld | BY24: Välj vinnare i respektive runda
A25: Tunisien | BT25: 23 | BU25: =IF('1. Gruppspel'!C14="","",'1. Gruppspel'!C14) -> Colombia | BV25: Grupptvåa K
A26: Belgien | BT26: 24 | BU26: =IF('1. Gruppspel'!C15="","",'1. Gruppspel'!C15) -> England | BV26: Grupptvåa L
A27: Egypten
A28: Iran
A29: Nya Zeeland
A30: Kap Verde
A31: Saudiarabien
A32: Spanien
A33: Uruguay
A34: Frankrike
A35: Norge
A36: Senegal
A37: Irak
A38: Algeriet
... A49: Panama

Sheet Export till master
A1: Export till master – kopiera rad 3 till rätt deltagarrad i masterfilens Tips Slutspel, och gruppsammanfattningen till Tips Gruppspel
A2: Deltagare | B2: Vidare 1 | C2: Vidare 2 | D2: Vidare 3 | E2: Vidare 4 | F2: Vidare 5 | G2: Vidare 6 | H2: Vidare 7 | I2: Vidare 8 | J2: Vidare 9 | K2: Vidare 10 | L2: Vidare 11 | M2: Vidare 12 | N2: Vidare 13 | O2: Vidare 14 | P2: Vidare 15 | Q2: Vidare 16 | R2: Kvart 1 | S2: Kvart 2 | T2: Kvart 3 | U2: Kvart 4 | V2: Kvart 5 | W2: Kvart 6 | X2: Kvart 7 | Y2: Kvart 8 | Z2: Semi 1 | AA2: Semi 2 | AB2: Semi 3 | AC2: Semi 4 | AD2: Final 1 | AE2: Final 2 | AF2: Vinnare | AG2: Brons | AH2: Skyttekung | AI2: Utslagsfråga
A3: =Instruktion!B10 -> Emelie | B3: ='3. Slutspelsträd'!G9 -> Tyskland | C3: ='3. Slutspelsträd'!G11 -> Frankrike | D3: ='3. Slutspelsträd'!G21 -> Mexiko | E3: ='3. Slutspelsträd'!G23 -> Nederländerna | F3: ='3. Slutspelsträd'!G35 -> England | G3: ='3. Slutspelsträd'!G37 -> Spanien | H3: ='3. Slutspelsträd'!G47 -> Turkiet | I3: ='3. Slutspelsträd'!G49 -> Belgien | J3: ='3. Slutspelsträd'!AA9 -> Brasilien | K3: ='3. Slutspelsträd'!AA11 -> Norge | L3: ='3. Slutspelsträd'!AA21 -> Skottland | M3: ='3. Slutspelsträd'!AA23 -> Kroatien | N3: ='3. Slutspelsträd'!AA35 -> Argentina | O3: ='3. Slutspelsträd'!AA37 -> USA | P3: ='3. Slutspelsträd'!AA47 -> Schweiz | Q3: ='3. Slutspelsträd'!AA49 -> Portugal | R3: ='3. Slutspelsträd'!J15 -> Frankrike | S3: ='3. Slutspelsträd'!J17 -> Nederländerna | T3: ='3. Slutspelsträd'!J41 -> England | U3: ='3. Slutspelsträd'!J43 -> Belgien | V3: ='3. Slutspelsträd'!X15 -> Brasilien | W3: ='3. Slutspelsträd'!X17 -> Kroatien | X3: ='3. Slutspelsträd'!X41 -> Argentina | Y3: ='3. Slutspelsträd'!X43 -> Schweiz | Z3: ='3. Slutspelsträd'!M30 -> England | AA3: ='3. Slutspelsträd'!M28 -> Frankrike | AB3: ='3. Slutspelsträd'!U30 -> Argentina | AC3: ='3. Slutspelsträd'!U28 -> Brasilien | AD3: ='3. Slutspelsträd'!P21 -> Frankrike | AE3: ='3. Slutspelsträd'!R21 -> Brasilien | AF3: ='3. Slutspelsträd'!Q19 -> Frankrike | AG3: ='3. Slutspelsträd'!Q39 -> England | AH3: ='4. Skyttekung och utslagsfråga'!C4 -> Kylian Mbappe | AI3: ='4. Skyttekung och utslagsfråga'!C6 -> 323
A6: Gruppspel export
A7: Grupp | B7: Gruppvinnare | C7: Grupptvåa | D7: Grupptrea
A8: A | B8: ='1. Gruppspel'!B62 -> Sydkorea | C8: ='1. Gruppspel'!C62 -> Mexiko | D8: ='1. Gruppspel'!D62 -> Tjeckien
A9: B | B9: ='1. Gruppspel'!B63 -> Schweiz | C9: ='1. Gruppspel'!C63 -> Bosnien och Hercegovina | D9: ='1. Gruppspel'!D63 -> Kanada
A10: C | B10: ='1. Gruppspel'!B64 -> Brasilien | C10: ='1. Gruppspel'!C64 -> Marocko | D10: ='1. Gruppspel'!D64 -> Skottland
A11: D | B11: ='1. Gruppspel'!B65 -> Turkiet | C11: ='1. Gruppspel'!C65 -> USA | D11: ='1. Gruppspel'!D65 -> Paraguay
A12: E | B12: ='1. Gruppspel'!B66 -> Tyskland | C12: ='1. Gruppspel'!C66 -> Ecuador | D12: ='1. Gruppspel'!D66 -> Elfenbenskusten
A13: F | B13: ='1. Gruppspel'!B67 -> Nederländerna | C13: ='1. Gruppspel'!C67 -> Japan | D13: ='1. Gruppspel'!D67 -> Sverige
A14: G | B14: ='1. Gruppspel'!B68 -> Belgien | C14: ='1. Gruppspel'!C68 -> Egypten | D14: ='1. Gruppspel'!D68 -> Iran
A15: H | B15: ='1. Gruppspel'!B69 -> Spanien | C15: ='1. Gruppspel'!C69 -> Uruguay | D15: ='1. Gruppspel'!D69 -> Saudiarabien
A16: I | B16: ='1. Gruppspel'!B70 -> Frankrike | C16: ='1. Gruppspel'!C70 -> Norge | D16: ='1. Gruppspel'!D70 -> Senegal
A17: J | B17: ='1. Gruppspel'!B71 -> Argentina | C17: ='1. Gruppspel'!C71 -> Österrike | D17: ='1. Gruppspel'!D71 -> Algeriet
A18: K | B18: ='1. Gruppspel'!B72 -> Portugal | C18: ='1. Gruppspel'!C72 -> Colombia | D18: ='1. Gruppspel'!D72 -> DR Kongo
A19: L | B19: ='1. Gruppspel'!B73 -> Kroatien | C19: ='1. Gruppspel'!C73 -> England | D19: ='1. Gruppspel'!D73 -> Panama
A21: Insats/pris | B21: 300 kr per deltagare. Vinnare 80 %, tvåa 20 %.
